{
    "inputs" : [
        {
            "creationTimeStamp" : "2024-03-13T12:57:24.495Z",
            "modifiedTimeStamp" : "2024-03-13T13:39:31.999Z",
            "createdBy" : "geldmui@gelenable.sas.com",
            "modifiedBy" : "geldmui@gelenable.sas.com",
            "id" : "ddebd86a-d14d-4d24-9293-2bc88735160f",
            "direction" : "inOut",
            "name" : "BlueBookPrice",
            "dataType" : "decimal",
            "generateDataGridColumns" : false,
            "legacy" : false
        },
        {
            "creationTimeStamp" : "2024-03-13T12:57:24.502Z",
            "modifiedTimeStamp" : "2024-03-13T13:39:31.999Z",
            "createdBy" : "geldmui@gelenable.sas.com",
            "modifiedBy" : "geldmui@gelenable.sas.com",
            "id" : "6290d1d0-9e48-4b61-857d-49bcbb138ec4",
            "direction" : "inOut",
            "name" : "CurrentBid",
            "dataType" : "decimal",
            "generateDataGridColumns" : false,
            "legacy" : false
        },
        {
            "creationTimeStamp" : "2024-03-13T12:57:24.504Z",
            "modifiedTimeStamp" : "2024-03-13T13:39:31.999Z",
            "createdBy" : "geldmui@gelenable.sas.com",
            "modifiedBy" : "geldmui@gelenable.sas.com",
            "id" : "ecf00eaa-dd80-4ceb-8092-e2f4cf778bcc",
            "direction" : "inOut",
            "name" : "Make",
            "dataType" : "string",
            "length" : 20,
            "generateDataGridColumns" : false,
            "legacy" : false
        },
        {
            "creationTimeStamp" : "2024-03-13T12:57:24.505Z",
            "modifiedTimeStamp" : "2024-03-13T13:39:31.999Z",
            "createdBy" : "geldmui@gelenable.sas.com",
            "modifiedBy" : "geldmui@gelenable.sas.com",
            "id" : "cfd313b5-203e-4bd0-9009-aef50aa2b8f6",
            "direction" : "inOut",
            "name" : "Miles",
            "dataType" : "decimal",
            "generateDataGridColumns" : false,
            "legacy" : false
        },
        {
            "creationTimeStamp" : "2024-03-13T12:57:24.506Z",
            "modifiedTimeStamp" : "2024-03-13T13:39:31.999Z",
            "createdBy" : "geldmui@gelenable.sas.com",
            "modifiedBy" : "geldmui@gelenable.sas.com",
            "id" : "9f362adf-c1ca-4dec-a1ec-f45975acc40f",
            "direction" : "inOut",
            "name" : "Model",
            "dataType" : "string",
            "length" : 20,
            "generateDataGridColumns" : false,
            "legacy" : false
        },
        {
            "creationTimeStamp" : "2024-03-13T12:57:24.508Z",
            "modifiedTimeStamp" : "2024-03-13T13:39:31.999Z",
            "createdBy" : "geldmui@gelenable.sas.com",
            "modifiedBy" : "geldmui@gelenable.sas.com",
            "id" : "cbcc9232-6dfe-41ef-9bc6-01e1ad0fd813",
            "direction" : "inOut",
            "name" : "OriginalInvoice",
            "dataType" : "decimal",
            "generateDataGridColumns" : false,
            "legacy" : false
        },
        {
            "creationTimeStamp" : "2024-03-13T12:57:24.510Z",
            "modifiedTimeStamp" : "2024-03-13T13:39:31.999Z",
            "createdBy" : "geldmui@gelenable.sas.com",
            "modifiedBy" : "geldmui@gelenable.sas.com",
            "id" : "0829ff75-6e22-4435-bdfe-98c7589ed102",
            "direction" : "inOut",
            "name" : "OriginalMSRP",
            "dataType" : "decimal",
            "generateDataGridColumns" : false,
            "legacy" : false
        },
        {
            "creationTimeStamp" : "2024-03-13T12:57:24.513Z",
            "modifiedTimeStamp" : "2024-03-13T13:39:31.999Z",
            "createdBy" : "geldmui@gelenable.sas.com",
            "modifiedBy" : "geldmui@gelenable.sas.com",
            "id" : "0605e420-7ee5-492b-9d47-084427355537",
            "direction" : "inOut",
            "name" : "VIN",
            "dataType" : "string",
            "length" : 17,
            "generateDataGridColumns" : false,
            "legacy" : false
        },
        {
            "creationTimeStamp" : "2024-03-13T12:57:24.514Z",
            "modifiedTimeStamp" : "2024-03-13T13:39:31.999Z",
            "createdBy" : "geldmui@gelenable.sas.com",
            "modifiedBy" : "geldmui@gelenable.sas.com",
            "id" : "aaa8ad49-dc00-4bcc-b534-162c7e1064a4",
            "direction" : "inOut",
            "name" : "Year",
            "dataType" : "decimal",
            "generateDataGridColumns" : false,
            "legacy" : false
        },
        {
            "creationTimeStamp" : "2024-03-13T12:57:24.511Z",
            "modifiedTimeStamp" : "2024-03-13T13:39:31.999Z",
            "createdBy" : "geldmui@gelenable.sas.com",
            "modifiedBy" : "geldmui@gelenable.sas.com",
            "id" : "f5e659ce-f221-4b94-8ae7-72a99150041e",
            "direction" : "inOut",
            "name" : "state",
            "dataType" : "string",
            "length" : 2,
            "generateDataGridColumns" : false,
            "legacy" : false
        }
    ],
    "outputs" : [
        {
            "creationTimeStamp" : "2024-03-13T12:57:24.489Z",
            "modifiedTimeStamp" : "2024-03-13T13:39:31.999Z",
            "createdBy" : "geldmui@gelenable.sas.com",
            "modifiedBy" : "geldmui@gelenable.sas.com",
            "id" : "2ed1f2fd-5e2b-470e-877a-65d17573cbb5",
            "direction" : "output",
            "name" : "Bid",
            "dataType" : "boolean",
            "generateDataGridColumns" : false,
            "legacy" : false
        },
        {
            "creationTimeStamp" : "2024-03-13T12:57:24.495Z",
            "modifiedTimeStamp" : "2024-03-13T13:39:31.999Z",
            "createdBy" : "geldmui@gelenable.sas.com",
            "modifiedBy" : "geldmui@gelenable.sas.com",
            "id" : "ddebd86a-d14d-4d24-9293-2bc88735160f",
            "direction" : "inOut",
            "name" : "BlueBookPrice",
            "dataType" : "decimal",
            "generateDataGridColumns" : false,
            "legacy" : false
        },
        {
            "creationTimeStamp" : "2024-03-13T12:57:24.502Z",
            "modifiedTimeStamp" : "2024-03-13T13:39:31.999Z",
            "createdBy" : "geldmui@gelenable.sas.com",
            "modifiedBy" : "geldmui@gelenable.sas.com",
            "id" : "6290d1d0-9e48-4b61-857d-49bcbb138ec4",
            "direction" : "inOut",
            "name" : "CurrentBid",
            "dataType" : "decimal",
            "generateDataGridColumns" : false,
            "legacy" : false
        },
        {
            "creationTimeStamp" : "2024-03-13T13:39:31.907Z",
            "modifiedTimeStamp" : "2024-03-13T13:39:31.907Z",
            "createdBy" : "geldmui@gelenable.sas.com",
            "modifiedBy" : "geldmui@gelenable.sas.com",
            "id" : "47a676f4-6093-4f6b-a877-b5c70ece9ad5",
            "direction" : "output",
            "name" : "EM_PREDICTION",
            "dataType" : "decimal",
            "description" : "",
            "generateDataGridColumns" : false
        },
        {
            "creationTimeStamp" : "2024-03-13T12:57:24.504Z",
            "modifiedTimeStamp" : "2024-03-13T13:39:31.999Z",
            "createdBy" : "geldmui@gelenable.sas.com",
            "modifiedBy" : "geldmui@gelenable.sas.com",
            "id" : "ecf00eaa-dd80-4ceb-8092-e2f4cf778bcc",
            "direction" : "inOut",
            "name" : "Make",
            "dataType" : "string",
            "length" : 20,
            "generateDataGridColumns" : false,
            "legacy" : false
        },
        {
            "creationTimeStamp" : "2024-03-13T12:57:24.505Z",
            "modifiedTimeStamp" : "2024-03-13T13:39:31.999Z",
            "createdBy" : "geldmui@gelenable.sas.com",
            "modifiedBy" : "geldmui@gelenable.sas.com",
            "id" : "cfd313b5-203e-4bd0-9009-aef50aa2b8f6",
            "direction" : "inOut",
            "name" : "Miles",
            "dataType" : "decimal",
            "generateDataGridColumns" : false,
            "legacy" : false
        },
        {
            "creationTimeStamp" : "2024-03-13T12:57:24.506Z",
            "modifiedTimeStamp" : "2024-03-13T13:39:31.999Z",
            "createdBy" : "geldmui@gelenable.sas.com",
            "modifiedBy" : "geldmui@gelenable.sas.com",
            "id" : "9f362adf-c1ca-4dec-a1ec-f45975acc40f",
            "direction" : "inOut",
            "name" : "Model",
            "dataType" : "string",
            "length" : 20,
            "generateDataGridColumns" : false,
            "legacy" : false
        },
        {
            "creationTimeStamp" : "2024-03-13T12:57:24.508Z",
            "modifiedTimeStamp" : "2024-03-13T13:39:31.999Z",
            "createdBy" : "geldmui@gelenable.sas.com",
            "modifiedBy" : "geldmui@gelenable.sas.com",
            "id" : "cbcc9232-6dfe-41ef-9bc6-01e1ad0fd813",
            "direction" : "inOut",
            "name" : "OriginalInvoice",
            "dataType" : "decimal",
            "generateDataGridColumns" : false,
            "legacy" : false
        },
        {
            "creationTimeStamp" : "2024-03-13T12:57:24.510Z",
            "modifiedTimeStamp" : "2024-03-13T13:39:31.999Z",
            "createdBy" : "geldmui@gelenable.sas.com",
            "modifiedBy" : "geldmui@gelenable.sas.com",
            "id" : "0829ff75-6e22-4435-bdfe-98c7589ed102",
            "direction" : "inOut",
            "name" : "OriginalMSRP",
            "dataType" : "decimal",
            "generateDataGridColumns" : false,
            "legacy" : false
        },
        {
            "creationTimeStamp" : "2024-03-13T13:39:31.909Z",
            "modifiedTimeStamp" : "2024-03-13T13:39:31.909Z",
            "createdBy" : "geldmui@gelenable.sas.com",
            "modifiedBy" : "geldmui@gelenable.sas.com",
            "id" : "1726e0b7-3dcf-4f99-840e-f6945b096a85",
            "direction" : "output",
            "name" : "P_BlueBookPrice",
            "dataType" : "decimal",
            "description" : "",
            "defaultValue" : "",
            "generateDataGridColumns" : false
        },
        {
            "creationTimeStamp" : "2024-03-13T12:57:24.513Z",
            "modifiedTimeStamp" : "2024-03-13T13:39:31.999Z",
            "createdBy" : "geldmui@gelenable.sas.com",
            "modifiedBy" : "geldmui@gelenable.sas.com",
            "id" : "0605e420-7ee5-492b-9d47-084427355537",
            "direction" : "inOut",
            "name" : "VIN",
            "dataType" : "string",
            "length" : 17,
            "generateDataGridColumns" : false,
            "legacy" : false
        },
        {
            "creationTimeStamp" : "2024-03-13T12:57:24.514Z",
            "modifiedTimeStamp" : "2024-03-13T13:39:31.999Z",
            "createdBy" : "geldmui@gelenable.sas.com",
            "modifiedBy" : "geldmui@gelenable.sas.com",
            "id" : "aaa8ad49-dc00-4bcc-b534-162c7e1064a4",
            "direction" : "inOut",
            "name" : "Year",
            "dataType" : "decimal",
            "generateDataGridColumns" : false,
            "legacy" : false
        },
        {
            "creationTimeStamp" : "2024-03-13T12:57:24.515Z",
            "modifiedTimeStamp" : "2024-03-13T13:39:31.999Z",
            "createdBy" : "geldmui@gelenable.sas.com",
            "modifiedBy" : "geldmui@gelenable.sas.com",
            "id" : "b2d452fa-3004-454b-ae9f-1ef77bfdb791",
            "direction" : "output",
            "name" : "bidCommand",
            "dataType" : "string",
            "generateDataGridColumns" : false,
            "legacy" : false
        },
        {
            "creationTimeStamp" : "2024-03-13T12:57:24.500Z",
            "modifiedTimeStamp" : "2024-03-13T13:39:31.999Z",
            "createdBy" : "geldmui@gelenable.sas.com",
            "modifiedBy" : "geldmui@gelenable.sas.com",
            "id" : "598b66f4-30db-42c8-a5d7-37d3f37dd1e0",
            "direction" : "output",
            "name" : "callOffice",
            "dataType" : "boolean",
            "defaultValue" : "",
            "generateDataGridColumns" : false,
            "legacy" : false
        },
        {
            "creationTimeStamp" : "2024-03-13T12:57:24.511Z",
            "modifiedTimeStamp" : "2024-03-13T13:39:31.999Z",
            "createdBy" : "geldmui@gelenable.sas.com",
            "modifiedBy" : "geldmui@gelenable.sas.com",
            "id" : "f5e659ce-f221-4b94-8ae7-72a99150041e",
            "direction" : "inOut",
            "name" : "state",
            "dataType" : "string",
            "length" : 2,
            "generateDataGridColumns" : false,
            "legacy" : false
        }
    ]
}