{
  "creationTimeStamp" : "0001-01-01T00:00:00Z",
  "modifiedTimeStamp" : "0001-01-01T00:00:00Z",
  "revision" : 0,
  "name" : "dmcas_scoreoutputs",
  "version" : 0,
  "order" : 0,
  "parameterMap" : {
    "CREATOR" : {
      "label" : "Creator",
      "length" : 255,
      "order" : 8,
      "parameter" : "CREATOR",
      "preformatted" : false,
      "type" : "char",
      "values" : [ "CREATOR" ]
    },
    "CREATORGUID" : {
      "label" : "Creator GUID",
      "length" : 36,
      "order" : 10,
      "parameter" : "CREATORGUID",
      "preformatted" : false,
      "type" : "char",
      "values" : [ "CREATORGUID" ]
    },
    "FORMAT" : {
      "label" : "Variable Format",
      "length" : 36,
      "order" : 6,
      "parameter" : "FORMAT",
      "preformatted" : false,
      "type" : "char",
      "values" : [ "FORMAT" ]
    },
    "FUNCTION" : {
      "label" : "Function",
      "length" : 32,
      "order" : 9,
      "parameter" : "FUNCTION",
      "preformatted" : false,
      "type" : "char",
      "values" : [ "FUNCTION" ]
    },
    "LABEL" : {
      "label" : "Variable Label",
      "length" : 256,
      "order" : 5,
      "parameter" : "LABEL",
      "preformatted" : false,
      "type" : "char",
      "values" : [ "LABEL" ]
    },
    "LENGTH" : {
      "label" : "Variable Length",
      "length" : 8,
      "order" : 7,
      "parameter" : "LENGTH",
      "preformatted" : false,
      "type" : "num",
      "values" : [ "LENGTH" ]
    },
    "NAME" : {
      "label" : "Name",
      "length" : 255,
      "order" : 1,
      "parameter" : "NAME",
      "preformatted" : false,
      "type" : "char",
      "values" : [ "NAME" ]
    },
    "ROLE" : {
      "label" : "Role",
      "length" : 32,
      "order" : 2,
      "parameter" : "ROLE",
      "preformatted" : false,
      "type" : "char",
      "values" : [ "ROLE" ]
    },
    "TYPE" : {
      "label" : "Type",
      "length" : 1,
      "order" : 3,
      "parameter" : "TYPE",
      "preformatted" : false,
      "type" : "char",
      "values" : [ "TYPE" ]
    },
    "VARTYPE" : {
      "label" : "Variable Type",
      "length" : 32,
      "order" : 4,
      "parameter" : "VARTYPE",
      "preformatted" : false,
      "type" : "char",
      "values" : [ "VARTYPE" ]
    }
  },
  "data" : [ {
    "dataMap" : {
      "CREATOR" : "linearreg",
      "CREATORGUID" : "ab096887-71a3-498a-8acb-c7c658ff67f4",
      "FORMAT" : "",
      "FUNCTION" : "PREDICT",
      "LABEL" : "Predicted: BlueBookPrice",
      "LENGTH" : "8",
      "NAME" : "EM_PREDICTION",
      "ROLE" : "PREDICT",
      "TYPE" : "N",
      "VARTYPE" : "double"
    },
    "rowNumber" : 1
  }, {
    "dataMap" : {
      "CREATOR" : "linearreg",
      "CREATORGUID" : "ab096887-71a3-498a-8acb-c7c658ff67f4",
      "FORMAT" : "",
      "FUNCTION" : "PREDICT",
      "LABEL" : "Predicted: BlueBookPrice",
      "LENGTH" : "8",
      "NAME" : "P_BlueBookPrice",
      "ROLE" : "PREDICT",
      "TYPE" : "N",
      "VARTYPE" : "double"
    },
    "rowNumber" : 2
  } ],
  "xInteger" : false,
  "yInteger" : false
}