{
  "product" : "DMCAS",
  "project" : "ffe6ca27-0553-4ff5-b5e3-297186cfa1ae",
  "target" : {
    "name" : "BlueBookPrice",
    "level" : "INTERVAL",
    "format" : "",
    "order" : "",
    "label" : "",
    "event" : "",
    "SASJSONExport" : "1.0 PRETTY",
    "SASTableData+DMCAS_TARGETLEVEL" : [ {
      "_TYPE_" : "",
      "resourceId" : "8bfbd5cf-c46c-4376-b279-88f49232ab2c",
      "id" : "ffe6ca27-0553-4ff5-b5e3-297186cfa1ae",
      "_predictedvar_" : "P_BlueBookPrice",
      "_variable_" : "BlueBookPrice",
      "_rawchar_" : "",
      "_cfmt_" : "",
      "_label_" : "Predicted: BlueBookPrice",
      "_event_flag_" : "N",
      "revision" : 0
    } ]
  }
}