{
   "creationTimeStamp": "2024-03-13T13:11:30.427Z",
   "createdBy": "geldmui@gelenable.sas.com",
   "modifiedTimeStamp": "2024-03-13T13:11:57.779Z",
   "modifiedBy": "geldmui@gelenable.sas.com",
   "id": "c04ebb2d-94e8-4438-83ea-f31f09a9b619",
   "name": "Linear Regression (Pipeline 1)",
   "scoreCodeType": "dataStep",
   "algorithm": "linearreg",
   "function": "prediction",
   "modeler": "geldmui@gelenable.sas.com",
   "modelType": "dataStep",
   "trainTable": "/dataTables/dataSources/cas~fs~cas-shared-default~fs~CASUSER(geldmui@gelenable.sas.com)/tables/AUTOAUCTIONINPUT",
   "predictionVariable": "P_BlueBookPrice",
   "eventProbVar": "P_BlueBookPrice",
   "targetVariable": "BlueBookPrice",
   "targetLevel": "interval",
   "tool": "Model Studio",
   "toolVersion": "V2023.10",
   "externalModelId": "ab096887-71a3-498a-8acb-c7c658ff67f4",
   "modelVersionName": "1.1",
   "custom properties": []
}