{
  "creationTimeStamp" : "0001-01-01T00:00:00Z",
  "modifiedTimeStamp" : "0001-01-01T00:00:00Z",
  "revision" : 0,
  "name" : "paramests",
  "version" : 0,
  "order" : 0,
  "parameterMap" : {
    "AbsEstimate" : {
      "label" : "Absolute Estimate",
      "length" : 8,
      "order" : 6,
      "parameter" : "AbsEstimate",
      "preformatted" : false,
      "type" : "num",
      "values" : [ "AbsEstimate" ]
    },
    "DF" : {
      "label" : "Degrees of Freedom",
      "length" : 8,
      "order" : 10,
      "parameter" : "DF",
      "preformatted" : false,
      "type" : "num",
      "values" : [ "DF" ]
    },
    "Effect" : {
      "label" : "Effect",
      "length" : 9,
      "order" : 1,
      "parameter" : "Effect",
      "preformatted" : false,
      "type" : "char",
      "values" : [ "Effect" ]
    },
    "Estimate" : {
      "label" : "Estimate",
      "length" : 8,
      "order" : 5,
      "parameter" : "Estimate",
      "preformatted" : false,
      "type" : "num",
      "values" : [ "Estimate" ]
    },
    "Parameter" : {
      "label" : "Parameter",
      "length" : 12,
      "order" : 2,
      "parameter" : "Parameter",
      "preformatted" : false,
      "type" : "char",
      "values" : [ "Parameter" ]
    },
    "Probt" : {
      "label" : "Pr > |t|",
      "length" : 8,
      "order" : 8,
      "parameter" : "Probt",
      "preformatted" : false,
      "type" : "num",
      "values" : [ "Probt" ]
    },
    "StdErr" : {
      "label" : "Standard Error",
      "length" : 8,
      "order" : 7,
      "parameter" : "StdErr",
      "preformatted" : false,
      "type" : "num",
      "values" : [ "StdErr" ]
    },
    "VarianceInflation" : {
      "label" : "Variance Inflation",
      "length" : 8,
      "order" : 9,
      "parameter" : "VarianceInflation",
      "preformatted" : false,
      "type" : "num",
      "values" : [ "VarianceInflation" ]
    },
    "sign" : {
      "label" : "Sign",
      "length" : 1,
      "order" : 4,
      "parameter" : "sign",
      "preformatted" : false,
      "type" : "char",
      "values" : [ "sign" ]
    },
    "tvalue" : {
      "label" : "t Value",
      "length" : 8,
      "order" : 3,
      "parameter" : "tvalue",
      "preformatted" : false,
      "type" : "num",
      "values" : [ "tvalue" ]
    }
  },
  "data" : [ {
    "dataMap" : {
      "AbsEstimate" : "7000",
      "DF" : "1",
      "Effect" : "Miles",
      "Estimate" : "-7000",
      "Parameter" : "Miles 50000",
      "VarianceInflation" : "1.77777777778",
      "sign" : "-"
    },
    "rowNumber" : 1
  }, {
    "dataMap" : {
      "AbsEstimate" : "28000",
      "DF" : "1",
      "Effect" : "Miles",
      "Estimate" : "28000",
      "Parameter" : "Miles 40000",
      "VarianceInflation" : "1.77777777778",
      "sign" : "+"
    },
    "rowNumber" : 2
  }, {
    "dataMap" : {
      "AbsEstimate" : "68000",
      "DF" : "1",
      "Effect" : "Miles",
      "Estimate" : "68000",
      "Parameter" : "Miles 5000",
      "VarianceInflation" : "1.77777777778",
      "sign" : "+"
    },
    "rowNumber" : 3
  }, {
    "dataMap" : {
      "AbsEstimate" : "4000",
      "DF" : "1",
      "Effect" : "Miles",
      "Estimate" : "-4000",
      "Parameter" : "Miles 59000",
      "VarianceInflation" : "1.77777777778",
      "sign" : "-"
    },
    "rowNumber" : 4
  }, {
    "dataMap" : {
      "AbsEstimate" : "4000",
      "DF" : "1",
      "Effect" : "Miles",
      "Estimate" : "-4000",
      "Parameter" : "Miles 82000",
      "VarianceInflation" : "1.77777777778",
      "sign" : "-"
    },
    "rowNumber" : 5
  }, {
    "dataMap" : {
      "AbsEstimate" : "12000",
      "DF" : "1",
      "Effect" : "Intercept",
      "Estimate" : "12000",
      "Parameter" : "Intercept",
      "VarianceInflation" : "0",
      "sign" : "+"
    },
    "rowNumber" : 6
  }, {
    "dataMap" : {
      "AbsEstimate" : "23000",
      "DF" : "1",
      "Effect" : "Miles",
      "Estimate" : "23000",
      "Parameter" : "Miles 4000",
      "VarianceInflation" : "1.77777777778",
      "sign" : "+"
    },
    "rowNumber" : 7
  }, {
    "dataMap" : {
      "AbsEstimate" : "16000",
      "DF" : "1",
      "Effect" : "Miles",
      "Estimate" : "16000",
      "Parameter" : "Miles 20000",
      "VarianceInflation" : "1.77777777778",
      "sign" : "+"
    },
    "rowNumber" : 8
  }, {
    "dataMap" : {
      "AbsEstimate" : "1.66089364484e-11",
      "DF" : "1",
      "Effect" : "Miles",
      "Estimate" : "1.66089364484e-11",
      "Parameter" : "Miles 80000",
      "VarianceInflation" : "1.77777777778",
      "sign" : "+"
    },
    "rowNumber" : 9
  } ],
  "xInteger" : false,
  "yInteger" : false
}